Source,Target,Weight
WY3.bin25,ZJ5_virus4,1
JA1.bin9,BP8_virus30,1
JA1.bin9,BP6_virus114,1
WY3.bin25,BP9_virus89,1
WY3.bin25,FK3_virus12,1
YF3.bin14,TL2-4_virus28,1
SKS1.bin82,TL2-4_virus28,1
WY5.bin13,DS3_virus38,1
YP1.bin77,DX2_virus12,1
MAS3.bin71,FK2_virus34,1
MAS3.bin136,FK2_virus34,1
DBS2-4.bin38,FK5_provirus56,1
WH2.bin153,HSP1_virus42,1
MAS1.bin37,HSP1_virus42,1
DS3.bin6,HSP1_virus42,1
FK3.bin41,HSP2_virus7,1
JA1.bin9,JA1_virus20,1
LL2.bin4,LL3_virus150,1
JA1.bin9,LL4_virus128,1
LL2.bin4,LL4_virus183,1
TL1-5.bin55,LSA4_virus42,1
TL1-3.bin12,LSA3_virus31,1
YS3.bin7,LSA3_virus31,1
YP3.bin45,LSA3_virus31,1
WY3.bin25,LSA3_virus31,1
TL2-5.bin23,LSA3_virus31,1
TL2-2.bin3,LSA3_virus31,1
DS3.bin6,LSA3_virus31,1
MAS3.bin1,MAS1_virus57,1
YP1.bin77,MAS2_virus44,1
FK3.bin41,MAS3_virus18,1
LSA5.bin25,TL2-4_virus39,1
MAS4.bin54,MAS3_virus38,1
YP1.bin77,MAS3_virus47,1
FK1.bin29,MAS3_virus56,1
DBS1-1.bin81,MAS3_virus56,1
WY5.bin59,MAS3_virus56,1
WY3.bin25,MAS3_virus56,1
WY2.bin23,MAS3_virus56,1
MAS5.bin1,MAS3_virus56,1
MAS5.bin1,YP3_provirus18,1
FK3.bin41,SKS1_virus47,1
FK3.bin41,TL2-5_virus36,1
YP5.bin6,TL1-2_provirus34,1
WH3.bin4,TL2-1_provirus1,1
SKS5.bin61,TL2-1_virus29,1
YP5.bin6,TL2-1_provirus37,1
LSA5.bin25,TL2-5_virus4,1
FK3.bin41,WH3_virus32,1
YP1.bin77,WH2_virus32,1
WH2.bin146,WH2_virus72,1
YP5.bin6,WH3_virus19,1
TL1-5.bin55,WH3_virus32,1
WY2.bin23,WY1_virus211,1
WY3.bin72,WY1_virus438,1
WY3.bin25,WY4_provirus33,1
YP5.bin6,YP4_virus34,1
YP2.bin58,YP4_provirus51,1
TL1-5.bin55,YS2_virus42,1
MAS4.bin50,DBS1-2_virus54,1
YP5.bin6,TL2-4_virus28,1
YP3.bin1,DBS2-5_virus61,1
YP5.bin6,DX1_virus177,1
YP5.bin6,FK4_virus47,1
TL2-1.bin30,FK5_provirus56,1
WH2.bin1,FK5_provirus56,1
JA1.bin9,LL3_virus3,1
DS3.bin6,LSA1_provirus2,1
WH3.bin4,LSA4_virus34,1
TL2-1.bin31,LSA3_virus31,1
TL1-3.bin12,LSA3_virus31,1
YP3.bin45,LSA3_virus31,1
TL1-5.bin118,LSA5_provirus21,1
YP5.bin6,MAS5_virus12,1
YP5.bin6,TL1-2_virus57,1
WH3.bin4,TL2-1_provirus1,1
LSA1.bin89,TL2-1_provirus1,1
YP5.bin6,TL2-1_virus12,1
LL2.bin4,WH5_virus38,1
FK3.bin41,WH3_virus27,1
LSA5.bin25,WH1_virus4,1
YP2.bin24,TL2-3_virus3,1
YP3.bin81,TL2-4_virus20,1
LSA5.bin25,TL2-4_virus4,1
LL2.bin4,WH1_virus18,1
MAS1.bin17,WH2_provirus36,1
YP5.bin6,WH3_virus12,1
WY3.bin72,WY1_virus438,1
WY3.bin25,WY4_provirus33,1
MAS3.bin71,YP2_virus24,1
FK3.bin165,YP2_virus24,1
YP5.bin6,ZJ3_virus136,1
LSA4.bin68,DBS1-1_virus12,1
DS4.bin2,LSA5_virus71,1
DS4.bin2,DS3_virus70,1
HSP1.bin13,HSP1_virus11,1
TL2-2.bin29,LSA4_virus63,1
WH2.bin75,LSA4_virus63,1
HSP2.bin18,LSA4_virus63,1
LSA4.bin62,LSA4_virus63,1
MAS1.bin61,LSA4_virus63,1
HSP1.bin13,MAS3_virus40,1
YP2.bin46,MAS5_provirus3,1
TL2-2.bin29,MAS5_provirus3,1
LSA4.bin62,MAS5_provirus3,1
TL1-3.bin47,TL1-5_virus16,1
DS4.bin2,TL1-5_virus16,1
YP2.bin46,WY1_virus55,1
YP2.bin46,WY1_provirus32,1
YP2.bin46,WY3_virus389,1
YP2.bin46,WY5_virus500,1
YP2.bin46,WY3_virus258,1
YP2.bin46,WY2_virus489,1
WY5.bin109,WY3_virus201,1
YP2.bin46,WY5_virus240,1
YP2.bin46,WY5_virus245,1
YP2.bin46,WY5_virus290,1
YP2.bin46,WY4_virus177,1
YP2.bin46,WY5_virus333,1
YP2.bin46,WY4_virus254,1
WY5.bin109,WY4_virus331,1
YP2.bin46,WY1_virus228,1
YP2.bin46,WY5_virus399,1
WY5.bin109,WY5_virus446,1
LSA4.bin68,YP2_virus21,1
TL1-5.bin33,YP2_virus21,1
LSA4.bin62,YP2_virus21,1
FK4.bin88,YP2_virus21,1
YP4.bin125,YP2_virus21,1
HSP1.bin13,HSP1_virus11,1
LSA4.bin62,LSA1_provirus2,1
HSP1.bin13,LSA1_provirus2,1
TL2-2.bin29,LSA4_virus63,1
YP4.bin125,LSA4_virus63,1
TL1-2.bin12,LSA5_provirus21,1
HSP1.bin13,MAS3_virus40,1
LSA5.bin34,TL1-5_virus16,1
DS4.bin83,TL1-5_virus16,1
MAS3.bin90,TL1-5_virus16,1
TL1-5.bin33,TL2-4_virus20,1
HSP1.bin13,TL2-4_virus20,1
YP2.bin46,WY1_virus11,1
WY5.bin109,WY2_virus414,1
YP2.bin46,WY3_virus428,1
YP2.bin46,WY3_virus422,1
YP2.bin46,WY5_virus388,1
DS4.bin2,DBS2-4_virus137,1
BP4.bin5,DBS1-2_virus64,1
BP5.bin107,DBS1-3_virus102,1
BP5.bin107,WY3_virus73,1
BP5.bin44,BP4_virus117,1
BP5.bin44,BP4_virus78,1
BP5.bin44,BP4_virus78,1
BP5.bin75,WY4_virus98,1
BP6.bin140,BP9_virus257,1
BP6.bin143,BP5_virus174,1
BP6.bin143,BP5_virus174,1
BP6.bin143,BP8_virus67,1
BP6.bin145,BP5_virus174,1
BP6.bin145,BP5_virus187,1
BP6.bin49,BP5_provirus13,1
BP6.bin49,BP8_virus139,1
BP6.bin49,BP8_virus150,1
BP6.bin91,BP5_virus14,1
BP7.bin84,BP6_virus12,1
BP7.bin84,BP8_provirus52,1
BP7.bin84,BP8_virus107,1
BP7.bin84,BP8_virus151,1
BP7.bin84,DS4_virus38,1
BP7.bin84,FK3_virus34,1
BP7.bin85,BP4_provirus7,1
BP7.bin85,BP7_provirus73,1
BP7.bin85,LL3_virus130,1
BP7.bin85,LL3_virus130,1
BP8.bin112,BP7_provirus21,1
BP8.bin112,BP9_virus258,1
BP8.bin59,BP6_virus190,1
BP8.bin62,BP7_provirus16,1
BP8.bin74,BP6_virus98,1
BP9.bin135,BP5_provirus112,1
BP9.bin141,BP9_provirus103,1
BP9.bin141,BP9_virus35,1
BP9.bin141,JA1_virus20,1
BP9.bin141,WY1_virus410,1
BP9.bin141,WY4_virus148,1
BP9.bin141,YF1_virus25,1
BP9.bin141,YF1_virus74,1
BP9.bin16,BP5_virus161,1
BP9.bin16,BP5_virus232,1
BP9.bin16,BP5_virus232,1
BP9.bin24,BP7_virus140,1
BP9.bin24,BP8_provirus86,1
BP9.bin24,WH2_virus4,1
BP9.bin93,BP9_provirus10,1
BP9.bin93,BP9_provirus10,1
DBS1-1.bin116,DBS1-1_virus62,1
DBS1-1.bin116,DBS1-2_virus64,1
DBS1-1.bin116,DBS2-1_virus182,1
DBS1-1.bin116,DBS2-1_virus182,1
DBS1-1.bin116,MAS4_virus41,1
DBS1-1.bin14,BP5_virus225,1
DBS1-2.bin41,DBS1-3_virus56,1
DBS1-2.bin54,DS3_virus16,1
DBS1-2.bin54,DS4_virus90,1
DBS1-2.bin54,LSA4_virus34,1
DBS1-2.bin54,SKS1_virus169,1
DBS1-3.bin126,DBS2-1_virus147,1
DBS1-3.bin45,DBS1-3_virus102,1
DBS2-1.bin181,WY2_virus266,1
DBS2-1.bin32,DBS2-1_provirus64,1
DBS2-1.bin32,WY3_virus38,1
DBS2-4.bin128,WY3_virus510,1
DBS2-4.bin171,DBS2-4_provirus21,1
DBS2-4.bin171,FK3_virus103,1
DBS2-4.bin171,SKS1_provirus35,1
DBS2-4.bin65,SKS1_virus31,1
DBS2-4.bin65,WY2_virus409,1
DBS2-5.bin62,DBS2-1_virus94,1
DS4.bin61,DBS1-3_virus102,1
FK1.bin110,YP3_virus70,1
FK2.bin40,TL1-5_provirus9,1
FK2.bin40,WH4_virus21,1
FK2.bin40,YP1_provirus13,1
FK3.bin102,MAS1_virus47,1
FK3.bin102,MAS4_virus68,1
FK3.bin112,DBS2-4_provirus21,1
FK3.bin112,FK3_provirus20,1
FK3.bin112,SKS1_provirus35,1
FK3.bin123,FK3_virus137,1
FK3.bin123,YP1_provirus13,1
FK3.bin15,DBS2-4_virus193,1
FK3.bin15,DS4_virus38,1
FK3.bin15,WY5_virus499,1
FK3.bin166,WY2_provirus19,1
FK3.bin18,WY1_virus92,1
FK3.bin18,WY3_virus25,1
FK3.bin40,WY1_virus129,1
FK3.bin40,WY5_virus358,1
FK4.bin46,DBS2-4_provirus20,1
FK4.bin46,DBS2-4_virus138,1
FK4.bin46,DX2_virus8,1
FK4.bin46,MAS4_virus27,1
FK4.bin46,SKS1_virus23,1
LSA1.bin59,SKS1_provirus37,1
LSA1.bin59,SKS5_provirus34,1
LSA2.bin104,LSA4_virus27,1
LSA2.bin104,LSA5_virus49,1
LSA2.bin104,TL1-2_virus24,1
LSA2.bin104,WH4_provirus8,1
MAS1.bin16,DS3_provirus40,1
MAS1.bin23,MAS1_virus47,1
MAS1.bin66,FK3_virus2,1
MAS1.bin66,FK3_virus40,1
MAS1.bin66,MAS3_virus2,1
MAS1.bin66,TL2-3_virus34,1
MAS1.bin66,TL2-4_virus4,1
MAS1.bin66,TL2-4_virus4,1
MAS1.bin66,WH1_virus4,1
MAS1.bin66,WH2_virus8,1
MAS2.bin2,TL1-1_virus9,1
MAS2.bin2,YP1_provirus13,1
MAS2.bin2,YP3_virus77,1
MAS2.bin2,YS4_virus7,1
MAS3.bin137,MAS4_virus73,1
MAS3.bin137,MAS4_virus73,1
MAS3.bin137,MAS5_provirus1,1
MAS3.bin137,MAS5_provirus1,1
MAS3.bin45,MAS1_virus47,1
MAS4.bin36,DBS1-1_virus62,1
MAS4.bin36,DBS1-1_virus62,1
MAS4.bin40,MAS4_virus73,1
MAS4.bin40,MAS4_virus73,1
MAS4.bin5,MAS4_provirus4,1
MAS4.bin82,FK3_virus2,1
MAS4.bin82,MAS3_virus2,1
MAS4.bin82,MAS3_virus2,1
MAS4.bin87,MAS1_virus66,1
SKS1.bin109,DBS2-4_provirus1,1
SKS1.bin109,DBS2-4_provirus1,1
SKS1.bin109,DBS2-4_provirus2,1
SKS1.bin109,DBS2-4_provirus2,1
SKS1.bin109,FK3_virus131,1
SKS1.bin109,FK3_virus153,1
SKS1.bin109,FK5_virus32,1
SKS1.bin109,FK5_virus41,1
SKS1.bin109,SKS1_provirus24,1
SKS1.bin109,SKS1_provirus24,1
SKS1.bin109,SKS1_provirus38,1
SKS1.bin109,SKS1_provirus38,1
SKS1.bin109,TL2-4_virus28,1
SKS1.bin109,WH4_virus108,1
SKS1.bin109,WH4_virus8,1
SKS1.bin109,WH4_virus83,1
SKS1.bin109,WH4_virus91,1
SKS1.bin109,WH4_virus91,1
SKS1.bin109,WY1_virus25,1
SKS1.bin109,WY2_provirus19,1
SKS1.bin109,WY5_virus113,1
SKS1.bin109,WY5_virus45,1
SKS1.bin109,YF3_virus8,1
SKS1.bin110,WY1_virus281,1
SKS1.bin43,DBS2-4_provirus37,1
SKS1.bin43,SKS1_provirus82,1
SKS1.bin43,SKS1_provirus82,1
SKS1.bin43,WY2_provirus19,1
SKS1.bin43,WY2_virus380,1
SKS1.bin43,WY2_virus380,1
SKS1.bin87,WY3_virus424,1
SKS3.bin68,DBS1-3_virus102,1
TL1-5.bin121,FK2_provirus32,1
WH2.bin7,LL4_virus162,1
WH2.bin7,WH2_virus31,1
WH2.bin7,WH2_virus31,1
WH2.bin7,YP1_provirus13,1
WH2.bin7,YP4_virus23,1
WY1.bin137,WY4_provirus31,1
WY1.bin137,WY4_virus123,1
WY1.bin137,WY5_virus260,1
WY1.bin137,WY5_virus261,1
WY1.bin137,WY5_virus314,1
WY1.bin140,WY5_provirus67,1
WY2.bin141,DBS1-3_virus102,1
WY2.bin145,WY2_provirus49,1
WY2.bin159,WY4_provirus19,1
WY2.bin33,BP4_virus152,1
WY2.bin33,BP5_virus83,1
WY2.bin33,BP7_virus134,1
WY2.bin33,BP7_virus18,1
WY2.bin33,BP9_virus242,1
WY2.bin33,DBS1-2_provirus14,1
WY2.bin33,DBS1-3_provirus69,1
WY2.bin33,DBS1-3_virus87,1
WY2.bin33,DBS1-3_virus89,1
WY2.bin33,DBS2-1_virus62,1
WY2.bin33,DBS2-4_provirus78,1
WY2.bin33,DBS2-4_virus148,1
WY2.bin33,DS3_virus68,1
WY2.bin33,FK3_provirus85,1
WY2.bin33,FK4_virus37,1
WY2.bin33,LL2_virus86,1
WY2.bin33,SKS1_virus159,1
WY2.bin33,SKS1_virus219,1
WY2.bin33,TL2-5_virus25,1
WY2.bin33,WH5_virus31,1
WY2.bin33,WY1_provirus86,1
WY2.bin33,WY1_virus161,1
WY2.bin33,WY1_virus161,1
WY2.bin33,WY1_virus2,1
WY2.bin33,WY1_virus234,1
WY2.bin33,WY1_virus234,1
WY2.bin33,WY1_virus353,1
WY2.bin33,WY1_virus383,1
WY2.bin33,WY1_virus411,1
WY2.bin33,WY1_virus411,1
WY2.bin33,WY1_virus412,1
WY2.bin33,WY1_virus426,1
WY2.bin33,WY1_virus426,1
WY2.bin33,WY1_virus60,1
WY2.bin33,WY1_virus70,1
WY2.bin33,WY1_virus70,1
WY2.bin33,WY1_virus80,1
WY2.bin33,WY1_virus80,1
WY2.bin33,WY2_provirus51,1
WY2.bin33,WY2_virus154,1
WY2.bin33,WY2_virus185,1
WY2.bin33,WY2_virus257,1
WY2.bin33,WY2_virus257,1
WY2.bin33,WY2_virus355,1
WY2.bin33,WY2_virus371,1
WY2.bin33,WY2_virus482,1
WY2.bin33,WY2_virus74,1
WY2.bin33,WY3_virus165,1
WY2.bin33,WY3_virus165,1
WY2.bin33,WY3_virus426,1
WY2.bin33,WY3_virus426,1
WY2.bin33,WY3_virus455,1
WY2.bin33,WY3_virus455,1
WY2.bin33,WY3_virus50,1
WY2.bin33,WY4_virus156,1
WY2.bin33,WY4_virus286,1
WY2.bin33,WY4_virus313,1
WY2.bin33,WY4_virus346,1
WY2.bin33,WY4_virus397,1
WY2.bin33,WY4_virus397,1
WY2.bin33,WY4_virus40,1
WY2.bin33,WY5_provirus19,1
WY2.bin33,WY5_provirus65,1
WY2.bin33,WY5_virus161,1
WY2.bin33,WY5_virus303,1
WY2.bin33,WY5_virus390,1
WY2.bin33,WY5_virus502,1
WY2.bin33,WY5_virus59,1
WY2.bin33,YF1_virus22,1
WY2.bin33,YF1_virus37,1
WY2.bin75,WY2_virus449,1
WY2.bin78,WY5_virus43,1
WY3.bin106,DBS1-3_virus102,1
WY3.bin106,WY3_virus339,1
WY3.bin111,WY5_virus58,1
WY3.bin171,SKS1_virus191,1
WY3.bin171,WY5_virus229,1
WY3.bin171,WY5_virus261,1
WY3.bin177,BP5_virus149,1
WY3.bin177,WY5_virus253,1
WY3.bin177,WY5_virus322,1
WY3.bin177,WY5_virus322,1
WY3.bin27,WY2_virus347,1
WY3.bin27,WY3_virus382,1
WY3.bin61,DBS1-3_virus102,1
WY3.bin61,WY3_virus73,1
WY3.bin71,WY5_virus435,1
WY3.bin71,WY5_virus435,1
WY3.bin74,WY5_virus235,1
WY4.bin110,WY3_provirus84,1
WY4.bin110,WY5_virus263,1
WY5.bin11,FK3_virus175,1
WY5.bin11,WY1_virus129,1
WY5.bin11,WY1_virus270,1
WY5.bin11,WY1_virus84,1
WY5.bin11,WY2_virus189,1
WY5.bin11,WY2_virus298,1
WY5.bin11,WY2_virus369,1
WY5.bin11,WY2_virus42,1
WY5.bin11,WY2_virus460,1
WY5.bin11,WY3_provirus53,1
WY5.bin11,WY3_virus106,1
WY5.bin11,WY3_virus141,1
WY5.bin11,WY3_virus246,1
WY5.bin11,WY3_virus316,1
WY5.bin11,WY3_virus424,1
WY5.bin11,WY4_provirus37,1
WY5.bin11,WY4_virus137,1
WY5.bin11,WY4_virus254,1
WY5.bin11,WY4_virus294,1
WY5.bin11,WY5_provirus13,1
WY5.bin11,WY5_virus200,1
WY5.bin11,WY5_virus272,1
WY5.bin11,WY5_virus380,1
WY5.bin11,WY5_virus446,1
WY5.bin125,WY2_virus2,1
WY5.bin125,WY5_virus180,1
WY5.bin133,LSA5_virus69,1
WY5.bin133,WY1_virus176,1
WY5.bin137,FK3_virus50,1
WY5.bin137,WY3_virus141,1
WY5.bin137,WY5_virus358,1
WY5.bin178,WY5_virus225,1
YF1.bin123,MAS4_virus85,1
YF2.bin105,MAS1_virus66,1
YF2.bin105,TL2-3_virus42,1
BP6.bin140,BP4.bin11,1
WY5.bin109,BP4.bin33,1
BP5.bin107,BP4.bin37,1
BP4.bin5,BP5.bin5,1
BP4.bin5,FK5.bin2,1
BP4.bin5,ZJ1.bin22,1
BP6.bin145,BP4.bin57,1
BP7.bin85,BP4.bin57,1
BP6.bin140,BP4.bin60,1
BP6.bin145,BP4.bin60,1
BP7.bin85,BP4.bin60,1
DBS2-4.bin65,BP4.bin60,1
FK3.bin166,BP4.bin60,1
LSA1.bin59,BP4.bin60,1
SKS1.bin110,BP4.bin60,1
WY2.bin141,BP4.bin60,1
WY3.bin171,BP4.bin60,1
WY3.bin74,BP4.bin60,1
WY5.bin137,BP4.bin67,1
BP7.bin85,BP4.bin68,1
DBS2-4.bin65,BP4.bin68,1
FK3.bin166,BP4.bin68,1
WY3.bin61,BP4.bin68,1
DS4.bin2,BP4.bin8,1
TL1-5.bin55,BP4.bin8,1
BP5.bin107,BP4.bin9,1
TL1-5.bin118,BP4.bin9,1
WY5.bin125,BP4.bin9,1
BP7.bin85,BP5.bin101,1
WY3.bin61,BP5.bin101,1
BP5.bin107,BP5.bin29,1
BP5.bin107,BP6.bin118,1
BP5.bin107,DBS1-2.bin11,1
BP5.bin107,DBS1-2.bin84,1
BP5.bin107,FK5.bin2,1
BP5.bin107,SKS3.bin28,1
BP5.bin107,SKS5.bin106,1
BP9.bin141,BP5.bin109,1
BP9.bin24,BP5.bin109,1
MAS3.bin90,BP5.bin109,1
YP4.bin125,BP5.bin109,1
TL1-5.bin55,BP5.bin27,1
BP6.bin140,BP5.bin29,1
BP9.bin135,BP5.bin29,1
DS4.bin2,BP5.bin29,1
FK1.bin29,BP5.bin29,1
LSA4.bin62,BP5.bin29,1
MAS1.bin16,BP5.bin29,1
WY3.bin61,BP5.bin29,1
BP8.bin112,BP5.bin33,1
BP9.bin135,BP5.bin36,1
BP5.bin44,DBS2-5.bin56,1
BP5.bin44,DS4.bin38,1
BP5.bin44,TL1-3.bin39,1
BP8.bin74,BP5.bin57,1
BP5.bin75,WY5.bin150,1
BP5.bin75,WY5.bin155,1
BP9.bin135,BP5.bin93,1
BP8.bin74,BP6.bin118,1
DBS1-2.bin41,BP6.bin118,1
BP6.bin140,BP9.bin124,1
BP6.bin140,BP9.bin131,1
BP6.bin140,BP9.bin59,1
BP6.bin140,BP9.bin80,1
BP6.bin140,ZJ7.bin67,1
BP6.bin143,LL7.bin56,1
BP6.bin143,ZJ7.bin31,1
BP6.bin145,BP9.bin124,1
BP6.bin145,LL4.bin51,1
BP6.bin145,LL7.bin15,1
BP6.bin145,SKS4.bin25,1
BP9.bin141,BP6.bin16,1
BP9.bin24,BP6.bin16,1
MAS3.bin1,BP6.bin16,1
MAS4.bin40,BP6.bin16,1
YP4.bin125,BP6.bin16,1
BP9.bin24,BP6.bin18,1
MAS4.bin40,BP6.bin18,1
BP8.bin74,BP6.bin3,1
BP9.bin24,BP6.bin4,1
BP7.bin85,BP6.bin59,1
BP6.bin91,DBS2-1.bin87,1
BP6.bin91,DS3.bin61,1
BP6.bin91,WY3.bin19,1
BP6.bin91,WY4.bin78,1
BP6.bin91,WY5.bin29,1
BP6.bin91,WY5.bin97,1
BP8.bin59,BP7.bin13,1
BP9.bin16,BP7.bin13,1
LSA1.bin59,BP7.bin13,1
WY3.bin171,BP7.bin13,1
BP9.bin24,BP7.bin36,1
LSA5.bin25,BP7.bin48,1
MAS3.bin90,BP7.bin48,1
BP8.bin74,BP7.bin73,1
BP7.bin84,BP8.bin42,1
BP7.bin84,LL7.bin24,1
BP7.bin85,BP9.bin124,1
BP7.bin85,BP9.bin72,1
BP7.bin85,FK4.bin2,1
BP7.bin85,ZJ1.bin22,1
BP8.bin112,SKS4.bin8,1
BP9.bin24,BP8.bin121,1
BP8.bin74,BP8.bin16,1
WY3.bin111,BP8.bin29,1
BP8.bin59,BP9.bin124,1
BP8.bin59,LL7.bin56,1
BP8.bin59,ZJ1.bin22,1
BP8.bin59,ZJ1.bin62,1
BP8.bin59,ZJ3.bin72,1
BP8.bin59,ZJ7.bin31,1
BP8.bin62,LL7.bin24,1
BP8.bin62,YP3.bin4,1
BP8.bin74,BP9.bin124,1
BP8.bin74,BP9.bin73,1
BP8.bin74,BP9.bin79,1
BP8.bin74,DBS1-1.bin95,1
BP8.bin74,DBS1-3.bin100,1
BP8.bin74,DBS1-3.bin33,1
BP8.bin74,DS4.bin5,1
BP8.bin74,LL3.bin32,1
BP8.bin74,YP5.bin20,1
BP8.bin74,ZJ1.bin22,1
BP8.bin74,ZJ1.bin42,1
BP8.bin74,ZJ1.bin52,1
BP8.bin74,ZJ1.bin69,1
BP8.bin74,ZJ3.bin14,1
BP8.bin74,ZJ3.bin72,1
BP8.bin74,ZJ7.bin31,1
DBS2-4.bin65,BP8.bin86,1
FK3.bin166,BP8.bin86,1
WY4.bin110,BP8.bin86,1
BP9.bin16,BP9.bin124,1
WY2.bin159,BP9.bin124,1
WY3.bin171,BP9.bin124,1
MAS3.bin1,BP9.bin128,1
MAS4.bin87,BP9.bin128,1
BP9.bin24,BP9.bin131,1
BP9.bin24,BP9.bin133,1
BP9.bin135,DS4.bin6,1
BP9.bin135,LL7.bin33,1
BP9.bin141,BP9.bin59,1
BP9.bin141,WY5.bin29,1
BP9.bin16,BP9.bin86,1
BP9.bin16,DBS1-1.bin95,1
BP9.bin16,SKS5.bin106,1
BP9.bin16,WH2.bin54,1
BP9.bin16,WY5.bin102,1
BP9.bin16,ZJ1.bin22,1
BP9.bin16,ZJ2.bin29,1
BP9.bin24,BP9.bin59,1
BP9.bin24,DBS1-1.bin77,1
BP9.bin24,DBS1-3.bin14,1
BP9.bin24,LL2.bin7,1
BP9.bin24,YP3.bin4,1
BP9.bin24,ZJ7.bin67,1
YP3.bin1,BP9.bin59,1
WY4.bin110,BP9.bin9,1
BP9.bin93,LL4.bin66,1
DBS1-1.bin14,BP9.bin99,1
DBS1-3.bin45,DBS1-1.bin109,1
DS4.bin61,DBS1-1.bin109,1
DBS1-1.bin116,DBS1-1.bin87,1
DBS1-1.bin116,DBS1-3.bin56,1
DBS1-1.bin116,DBS2-1.bin65,1
DBS1-1.bin116,DS4.bin84,1
DBS1-1.bin116,JA2.bin13,1
DBS1-1.bin116,YF1.bin97,1
MAS2.bin2,DBS1-1.bin13,1
MAS3.bin137,DBS1-1.bin13,1
DBS1-1.bin14,DBS1-1.bin34,1
DBS1-1.bin14,DBS1-1.bin55,1
DBS1-1.bin14,DBS1-2.bin86,1
DBS1-1.bin14,DBS2-1.bin65,1
DBS1-1.bin14,DS3.bin85,1
DBS1-1.bin14,DX1.bin53,1
DBS1-1.bin14,DX2.bin44,1
DBS1-1.bin14,JA2.bin13,1
DBS1-1.bin14,JA4.bin61,1
DBS1-1.bin14,MAS3.bin43,1
DBS1-1.bin14,YF1.bin109,1
DBS1-1.bin14,YF1.bin21,1
DBS1-1.bin14,YF2.bin99,1
DBS1-1.bin14,YP3.bin44,1
LSA4.bin68,DBS1-1.bin27,1
WH2.bin146,DBS1-1.bin27,1
YP2.bin46,DBS1-1.bin27,1
LSA4.bin68,DBS1-1.bin29,1
DBS1-2.bin41,DBS1-1.bin34,1
WY2.bin145,DBS1-1.bin34,1
YP2.bin58,DBS1-1.bin34,1
YP2.bin58,DBS1-1.bin49,1
DBS1-3.bin126,DBS1-1.bin51,1
MAS3.bin137,DBS1-1.bin66,1
MAS3.bin71,DBS1-1.bin66,1
DBS2-1.bin32,DBS1-1.bin68,1
FK1.bin110,DBS1-1.bin73,1
MAS1.bin17,DBS1-1.bin73,1
MAS5.bin1,DBS1-1.bin73,1
YP2.bin46,DBS1-1.bin73,1
YP3.bin45,DBS1-1.bin73,1
DBS1-1.bin81,DX1.bin23,1
DBS1-1.bin81,LSA5.bin29,1
DBS1-1.bin81,WH2.bin34,1
DBS1-2.bin41,DBS1-1.bin87,1
DBS1-2.bin41,DBS1-1.bin95,1
YP2.bin58,DBS1-2.bin14,1
DBS1-2.bin41,DBS1-3.bin104,1
DBS1-2.bin41,DS4.bin36,1
DBS1-2.bin41,DX2.bin44,1
DBS1-2.bin41,DX4.bin29,1
DBS1-2.bin41,JA2.bin13,1
DBS1-2.bin41,JA4.bin61,1
DBS1-2.bin41,LSA5.bin104,1
DBS1-2.bin41,WH4.bin44,1
DBS1-2.bin41,WY1.bin20,1
DBS1-2.bin41,YF3.bin16,1
DBS1-2.bin41,YP3.bin44,1
DBS1-2.bin41,ZJ7.bin31,1
DBS2-1.bin32,DBS1-2.bin47,1
DBS1-2.bin54,FK5.bin124,1
DBS1-2.bin54,MAS1.bin22,1
DBS1-2.bin54,WH2.bin31,1
DBS1-2.bin54,YF3.bin41,1
DS3.bin6,DBS1-2.bin79,1
DBS2-4.bin38,DBS1-3.bin10,1
FK3.bin165,DBS1-3.bin10,1
MAS4.bin36,DBS1-3.bin10,1
MAS4.bin50,DBS1-3.bin10,1
WY3.bin25,DBS1-3.bin10,1
WY5.bin59,DBS1-3.bin10,1
YF1.bin123,DBS1-3.bin10,1
MAS4.bin36,DBS1-3.bin110,1
MAS4.bin50,DBS1-3.bin110,1
LSA2.bin104,DBS1-3.bin123,1
DBS1-3.bin126,DBS2-1.bin113,1
DBS1-3.bin126,LL2.bin60,1
DBS1-3.bin126,TL1-5.bin18,1
DBS1-3.bin126,TL2-3.bin29,1
DBS1-3.bin126,WY5.bin114,1
DBS1-3.bin126,YP1.bin63,1
DBS1-3.bin126,YP1.bin82,1
DBS1-3.bin126,YP4.bin26,1
DS4.bin61,DBS1-3.bin13,1
YP2.bin58,DBS1-3.bin130,1
DBS2-1.bin32,DBS1-3.bin133,1
SKS5.bin61,DBS1-3.bin14,1
YP3.bin81,DBS1-3.bin14,1
JA1.bin9,DBS1-3.bin15,1
LSA5.bin25,DBS1-3.bin152,1
MAS3.bin71,DBS1-3.bin152,1
YP3.bin45,DBS1-3.bin152,1
DBS2-1.bin32,DBS1-3.bin30,1
YP2.bin58,DBS1-3.bin30,1
DBS1-3.bin45,DBS2-1.bin100,1
DBS1-3.bin45,DBS2-1.bin15,1
DBS1-3.bin45,DBS2-1.bin44,1
DBS1-3.bin45,DBS2-1.bin64,1
DBS1-3.bin45,YP4.bin60,1
YF3.bin14,DBS1-3.bin51,1
YP4.bin125,DBS1-3.bin56,1
DS3.bin6,DBS1-3.bin99,1
LSA5.bin34,DBS1-3.bin99,1
MAS1.bin61,DBS1-3.bin99,1
TL1-5.bin33,DBS1-3.bin99,1
TL2-2.bin29,DBS1-3.bin99,1
TL2-2.bin3,DBS1-3.bin99,1
WY1.bin137,DBS2-1.bin100,1
LSA5.bin34,DBS2-1.bin103,1
MAS3.bin137,DBS2-1.bin103,1
TL1-2.bin12,DBS2-1.bin103,1
TL1-3.bin47,DBS2-1.bin103,1
SKS5.bin61,DBS2-1.bin132,1
SKS5.bin61,DBS2-1.bin15,1
WY3.bin106,DBS2-1.bin16,1
DS4.bin61,DBS2-1.bin167,1
DBS2-1.bin181,SKS1.bin103,1
DBS2-1.bin181,SKS3.bin23,1
DBS2-1.bin181,SKS5.bin95,1
DBS2-1.bin32,DBS2-1.bin65,1
DBS2-1.bin32,DBS2-4.bin99,1
DBS2-1.bin32,DS3.bin85,1
DBS2-1.bin32,JA2.bin13,1
DBS2-1.bin32,YF1.bin109,1
DBS2-1.bin32,YF1.bin9,1
DBS2-1.bin32,ZJ1.bin14,1
DBS2-1.bin32,ZJ5.bin13,1
DS4.bin61,DBS2-1.bin44,1
DS4.bin61,DBS2-1.bin55,1
TL1-5.bin118,DBS2-1.bin64,1
WY3.bin106,DBS2-1.bin64,1
DS4.bin61,DBS2-1.bin85,1
YP1.bin77,DBS2-1.bin87,1
TL1-5.bin118,DBS2-4.bin1,1
DBS2-4.bin38,DBS2-4.bin10,1
SKS1.bin109,DBS2-4.bin100,1
FK4.bin46,DBS2-4.bin115,1
DBS2-4.bin128,DBS2-4.bin122,1
FK3.bin40,DBS2-4.bin122,1
TL1-5.bin55,DBS2-4.bin122,1
DBS2-4.bin128,DX1.bin92,1
DBS2-4.bin128,FK3.bin172,1
DBS2-4.bin128,LSA5.bin63,1
DBS2-4.bin128,MAS3.bin2,1
DBS2-4.bin128,SKS1.bin6,1
DBS2-4.bin128,SKS4.bin75,1
DBS2-4.bin128,YF3.bin21,1
DBS2-4.bin128,YF3.bin39,1
SKS1.bin82,DBS2-4.bin129,1
FK4.bin88,DBS2-4.bin131,1
YP3.bin45,DBS2-4.bin136,1
DBS2-4.bin171,FK3.bin104,1
DBS2-4.bin171,SKS3.bin37,1
DBS2-4.bin38,FK5.bin10,1
DBS2-4.bin38,FK5.bin43,1
DBS2-4.bin38,MAS3.bin17,1
DBS2-4.bin38,MAS4.bin57,1
DBS2-4.bin38,MAS4.bin8,1
DBS2-4.bin38,SKS5.bin63,1
DBS2-4.bin38,WH2.bin35,1
DBS2-4.bin38,YP2.bin23,1
DBS2-4.bin38,YP3.bin2,1
DBS2-4.bin38,YP4.bin32,1
DBS2-4.bin38,ZJ7.bin27,1
DBS2-4.bin65,LL7.bin15,1
DBS2-4.bin65,WY5.bin102,1
MAS3.bin71,DBS2-5.bin24,1
TL1-2.bin12,DBS2-5.bin24,1
DS4.bin61,DBS2-5.bin50,1
DS4.bin61,DBS2-5.bin56,1
LSA4.bin68,DS3.bin17,1
MAS1.bin16,DS3.bin57,1
DS3.bin6,FK3.bin104,1
DS3.bin6,MAS1.bin22,1
DS3.bin6,MAS2.bin11,1
DS3.bin6,MAS2.bin6,1
DS3.bin6,MAS2.bin9,1
DS3.bin6,MAS4.bin78,1
DS3.bin6,WH3.bin2,1
DS3.bin6,WY5.bin114,1
DS3.bin6,WY5.bin52,1
DS3.bin6,YF2.bin89,1
DS3.bin6,YF3.bin41,1
DS3.bin6,YP3.bin107,1
DS3.bin6,YP3.bin19,1
FK3.bin166,DS3.bin61,1
SKS3.bin68,DS3.bin62,1
LSA1.bin59,DS3.bin8,1
SKS1.bin110,DS3.bin8,1
SKS3.bin68,DS3.bin8,1
TL1-5.bin55,DS3.bin82,1
MAS2.bin2,DS4.bin12,1
MAS3.bin137,DS4.bin12,1
MAS3.bin71,DS4.bin12,1
MAS4.bin82,DS4.bin12,1
MAS5.bin1,DS4.bin12,1
WH2.bin146,DS4.bin12,1
DS4.bin2,DS4.bin38,1
DS4.bin2,DS4.bin60,1
DS4.bin2,MAS3.bin147,1
DS4.bin2,YF2.bin99,1
DS4.bin83,DS4.bin40,1
LSA2.bin104,DS4.bin60,1
DS4.bin61,SKS1.bin100,1
DS4.bin61,SKS1.bin45,1
DS4.bin61,SKS1.bin77,1
DS4.bin61,WH2.bin114,1
DS4.bin61,WY1.bin59,1
FK3.bin15,DS4.bin65,1
TL1-5.bin55,DS4.bin77,1
DS4.bin83,FK3.bin132,1
DS4.bin83,LSA2.bin103,1
DS4.bin83,TL2-2.bin30,1
DS4.bin83,WY1.bin3,1
DS4.bin83,YF3.bin41,1
LSA4.bin68,DX1.bin19,1
WH2.bin146,DX1.bin19,1
YP3.bin1,DX1.bin19,1
LSA5.bin25,DX1.bin23,1
MAS3.bin1,DX1.bin23,1
MAS4.bin36,DX1.bin23,1
MAS4.bin40,DX1.bin23,1
WH2.bin7,DX1.bin23,1
YF2.bin105,DX1.bin23,1
YP3.bin1,DX1.bin23,1
WY1.bin137,DX1.bin56,1
YP1.bin77,DX1.bin56,1
FK3.bin18,DX1.bin92,1
FK3.bin40,DX1.bin92,1
TL1-5.bin55,DX1.bin92,1
MAS3.bin71,DX2.bin30,1
FK3.bin15,DX2.bin47,1
YP2.bin58,DX2.bin50,1
FK1.bin110,DX2.bin7,1
TL1-5.bin121,DX2.bin7,1
LSA5.bin25,DX4.bin14,1
TL2-1.bin31,DX4.bin14,1
FK1.bin110,DX4.bin24,1
TL1-5.bin121,DX4.bin24,1
YP2.bin24,DX4.bin28,1
WH2.bin146,FK1.bin102,1
FK1.bin110,FK4.bin103,1
FK1.bin110,WH2.bin31,1
FK1.bin110,YP3.bin19,1
FK1.bin29,FK3.bin111,1
FK1.bin29,FK4.bin21,1
FK1.bin29,WY1.bin4,1
FK1.bin29,YP3.bin2,1
WY2.bin23,FK1.bin31,1
WY1.bin137,FK1.bin53,1
YF1.bin123,FK1.bin53,1
TL1-5.bin118,FK1.bin62,1
FK4.bin88,FK2.bin18,1
LSA5.bin25,FK2.bin45,1
MAS4.bin36,FK2.bin45,1
HSP2.bin18,FK3.bin104,1
LSA5.bin34,FK3.bin104,1
MAS1.bin61,FK3.bin104,1
TL1-3.bin12,FK3.bin104,1
TL1-3.bin47,FK3.bin104,1
TL1-5.bin33,FK3.bin104,1
TL2-1.bin30,FK3.bin104,1
TL2-2.bin29,FK3.bin104,1
WH2.bin75,FK3.bin104,1
TL1-5.bin55,FK3.bin107,1
FK3.bin15,FK3.bin111,1
MAS1.bin37,FK3.bin111,1
MAS2.bin2,FK3.bin111,1
TL1-5.bin121,FK3.bin111,1
WH2.bin146,FK3.bin111,1
FK3.bin15,FK5.bin124,1
FK3.bin15,YF2.bin76,1
FK3.bin165,MAS3.bin17,1
FK3.bin165,WH2.bin35,1
FK3.bin165,YP2.bin23,1
FK3.bin165,YP3.bin2,1
FK3.bin166,WY3.bin19,1
FK3.bin166,WY5.bin102,1
LSA4.bin68,FK3.bin169,1
YP2.bin58,FK3.bin169,1
FK3.bin18,FK3.bin172,1
FK3.bin40,FK3.bin172,1
FK3.bin18,HSP2.bin32,1
FK3.bin18,LSA5.bin114,1
FK3.bin18,MAS3.bin2,1
FK3.bin18,WH2.bin72,1
FK3.bin18,YF2.bin99,1
FK3.bin40,WH2.bin72,1
LSA5.bin34,FK3.bin88,1
FK4.bin88,WH2.bin29,1
FK4.bin88,YF4.bin18,1
YP3.bin45,FK5.bin124,1
YP2.bin58,FK5.bin4,1
MAS1.bin17,FK5.bin53,1
WH2.bin146,FK5.bin53,1
YP3.bin45,FK5.bin53,1
HSP1.bin13,HSP2.bin26,1
HSP1.bin13,LL7.bin56,1
HSP1.bin13,SKS5.bin46,1
HSP1.bin13,YF4.bin53,1
YP4.bin125,HSP2.bin10,1
HSP2.bin18,MAS1.bin22,1
HSP2.bin18,MAS2.bin9,1
HSP2.bin18,TL1-2.bin13,1
HSP2.bin18,TL2-4.bin4,1
HSP2.bin18,WH2.bin31,1
HSP2.bin18,WH3.bin2,1
HSP2.bin18,YS4.bin24,1
YP1.bin77,JA1.bin31,1
SKS3.bin68,JA1.bin36,1
LSA4.bin62,JA1.bin41,1
LSA5.bin25,JA1.bin47,1
MAS3.bin1,JA1.bin47,1
MAS3.bin136,JA1.bin47,1
TL2-5.bin23,JA1.bin47,1
YF2.bin105,JA1.bin47,1
LSA4.bin62,JA1.bin55,1
JA1.bin9,MAS1.bin12,1
JA1.bin9,MAS3.bin43,1
JA1.bin9,MAS3.bin85,1
LSA5.bin25,JA3.bin12,1
LSA5.bin25,JA4.bin19,1
WY1.bin137,JA4.bin19,1
LL2.bin4,LL4.bin66,1
LSA5.bin34,LL2.bin60,1
YP2.bin24,LL2.bin60,1
YP3.bin45,LL2.bin60,1
WY5.bin178,LL2.bin74,1
YP2.bin24,LL2.bin74,1
WY4.bin110,LL4.bin2,1
YP1.bin77,LL4.bin55,1
SKS3.bin68,LL4.bin66,1
MAS4.bin50,LL6.bin22,1
MAS4.bin40,LL6.bin55,1
YP1.bin77,LL6.bin55,1
YP2.bin24,LL6.bin58,1
YP2.bin24,LL7.bin15,1
WY3.bin111,LL7.bin24,1
WY3.bin27,LL7.bin24,1
MAS4.bin50,LL7.bin30,1
YF1.bin123,LL7.bin30,1
LSA5.bin34,LSA1.bin55,1
WH2.bin75,LSA1.bin55,1
LSA4.bin68,LSA1.bin57,1
LSA1.bin59,MAS3.bin147,1
LSA1.bin59,TL2-1.bin3,1
LSA1.bin59,WY3.bin19,1
LSA1.bin59,WY5.bin155,1
TL2-1.bin30,LSA2.bin103,1
TL2-2.bin3,LSA2.bin103,1
WY1.bin137,LSA2.bin103,1
LSA2.bin104,LSA5.bin17,1
LSA2.bin104,SKS5.bin17,1
LSA2.bin104,YF2.bin99,1
LSA2.bin104,YF3.bin21,1
LSA4.bin68,LSA2.bin35,1
TL1-5.bin55,LSA2.bin35,1
YP4.bin125,LSA2.bin43,1
LSA4.bin62,LSA5.bin29,1
LSA4.bin62,MAS3.bin147,1
LSA4.bin62,YS5.bin43,1
LSA4.bin68,MAS1.bin12,1
LSA4.bin68,MAS2.bin6,1
LSA4.bin68,MAS2.bin9,1
LSA4.bin68,MAS3.bin145,1
LSA4.bin68,MAS3.bin2,1
LSA4.bin68,MAS3.bin43,1
LSA4.bin68,TL1-5.bin69,1
LSA4.bin68,WH2.bin133,1
LSA4.bin68,WH2.bin4,1
LSA4.bin68,WY5.bin114,1
LSA4.bin68,YF2.bin15,1
LSA4.bin68,YP1.bin13,1
LSA4.bin68,YP2.bin54,1
LSA4.bin68,YP3.bin19,1
LSA4.bin68,YP3.bin24,1
LSA4.bin68,YP4.bin9,1
LSA4.bin68,YS4.bin24,1
LSA4.bin68,YS4.bin40,1
LSA4.bin68,YS4.bin44,1
YP2.bin58,LSA5.bin1,1
YF3.bin14,LSA5.bin104,1
MAS3.bin45,LSA5.bin24,1
LSA5.bin25,LSA5.bin29,1
LSA5.bin25,MAS2.bin9,1
LSA5.bin25,MAS3.bin145,1
LSA5.bin25,MAS3.bin154,1
LSA5.bin25,MAS5.bin4,1
LSA5.bin25,TL1-5.bin69,1
LSA5.bin25,YP1.bin62,1
LSA5.bin25,YP3.bin107,1
LSA5.bin25,YP3.bin126,1
LSA5.bin25,YP3.bin19,1
LSA5.bin25,YS5.bin63,1
MAS3.bin1,LSA5.bin29,1
MAS3.bin136,LSA5.bin29,1
MAS3.bin90,LSA5.bin29,1
MAS4.bin36,LSA5.bin29,1
MAS4.bin40,LSA5.bin29,1
MAS4.bin87,LSA5.bin29,1
TL2-1.bin31,LSA5.bin29,1
WH2.bin7,LSA5.bin29,1
YF2.bin105,LSA5.bin29,1
YP3.bin1,LSA5.bin29,1
LSA5.bin34,LSA5.bin55,1
LSA5.bin34,LSA5.bin96,1
LSA5.bin34,TL1-2.bin28,1
LSA5.bin34,TL1-5.bin74,1
LSA5.bin34,TL2-4.bin30,1
LSA5.bin34,WH2.bin31,1
LSA5.bin34,WH5.bin26,1
LSA5.bin34,YF2.bin89,1
LSA5.bin34,YF3.bin41,1
LSA5.bin34,YP3.bin107,1
WY5.bin109,LSA5.bin63,1
MAS2.bin2,LSA5.bin71,1
MAS3.bin137,LSA5.bin71,1
TL1-5.bin55,LSA5.bin83,1
MAS1.bin16,YP3.bin2,1
MAS1.bin16,YP4.bin32,1
MAS1.bin17,MAS1.bin22,1
MAS1.bin17,MAS2.bin11,1
MAS1.bin17,MAS3.bin138,1
MAS1.bin17,MAS3.bin164,1
MAS1.bin17,MAS4.bin76,1
MAS1.bin17,MAS4.bin78,1
MAS1.bin17,MAS4.bin80,1
MAS1.bin17,MAS5.bin4,1
MAS1.bin17,TL1-4.bin17,1
MAS1.bin17,TL1-4.bin36,1
MAS1.bin17,TL1-5.bin74,1
MAS1.bin17,WH2.bin31,1
MAS1.bin17,WY5.bin114,1
MAS1.bin17,YP1.bin62,1
MAS1.bin17,YP3.bin19,1
MAS1.bin17,YP4.bin122,1
MAS1.bin17,YP4.bin84,1
MAS1.bin17,YS5.bin63,1
MAS1.bin37,MAS1.bin22,1
MAS2.bin2,MAS1.bin22,1
MAS3.bin137,MAS1.bin22,1
MAS5.bin1,MAS1.bin22,1
TL1-3.bin12,MAS1.bin22,1
TL1-5.bin33,MAS1.bin22,1
TL2-1.bin30,MAS1.bin22,1
WH2.bin1,MAS1.bin22,1
WH2.bin153,MAS1.bin22,1
YP3.bin1,MAS1.bin22,1
YP3.bin45,MAS1.bin22,1
MAS1.bin23,SKS5.bin20,1
MAS1.bin23,SKS5.bin63,1
MAS1.bin23,YP4.bin32,1
MAS1.bin23,YS4.bin12,1
MAS1.bin37,MAS1.bin43,1
MAS1.bin37,MAS4.bin66,1
MAS1.bin37,WY5.bin114,1
MAS1.bin37,YP3.bin107,1
MAS2.bin2,MAS1.bin43,1
MAS3.bin71,MAS1.bin43,1
MAS1.bin66,MAS1.bin51,1
MAS1.bin61,TL1-2.bin13,1
MAS1.bin61,TL2-2.bin30,1
MAS1.bin61,TL2-4.bin4,1
MAS1.bin61,YF2.bin89,1
MAS1.bin61,YF4.bin8,1
MAS1.bin61,YS2.bin7,1
MAS1.bin66,MAS4.bin78,1
MAS1.bin66,WY1.bin3,1
MAS1.bin66,WY5.bin114,1
MAS1.bin66,YP3.bin19,1
MAS1.bin66,YP4.bin122,1
MAS1.bin66,YS4.bin44,1
MAS2.bin2,MAS2.bin11,1
MAS3.bin137,MAS2.bin11,1
MAS3.bin71,MAS2.bin11,1
MAS5.bin1,MAS2.bin11,1
YF1.bin123,MAS2.bin11,1
MAS2.bin2,MAS2.bin6,1
MAS2.bin2,MAS3.bin109,1
MAS2.bin2,MAS3.bin26,1
MAS2.bin2,MAS4.bin78,1
MAS2.bin2,WY5.bin114,1
MAS2.bin2,YP4.bin122,1
MAS2.bin2,YP4.bin8,1
MAS2.bin2,YS4.bin59,1
MAS3.bin71,MAS2.bin51,1
MAS3.bin71,MAS2.bin6,1
MAS5.bin1,MAS2.bin6,1
TL1-5.bin33,MAS2.bin6,1
TL2-1.bin30,MAS2.bin6,1
WH2.bin146,MAS2.bin6,1
YP3.bin45,MAS2.bin6,1
MAS3.bin71,MAS2.bin9,1
MAS5.bin1,MAS2.bin9,1
TL1-5.bin33,MAS2.bin9,1
TL2-2.bin3,MAS2.bin9,1
WH2.bin146,MAS2.bin9,1
WH2.bin75,MAS2.bin9,1
YP3.bin45,MAS2.bin9,1
MAS3.bin1,WH2.bin34,1
MAS3.bin1,ZJ2.bin9,1
MAS3.bin1,ZJ7.bin67,1
MAS3.bin137,MAS3.bin145,1
MAS3.bin137,TL1-4.bin55,1
MAS3.bin137,TL2-1.bin25,1
MAS3.bin137,WH2.bin31,1
MAS3.bin137,WY5.bin114,1
YP2.bin58,MAS3.bin140,1
MAS4.bin82,MAS3.bin145,1
MAS5.bin1,MAS3.bin145,1
TL2-2.bin3,MAS3.bin145,1
WH2.bin146,MAS3.bin145,1
WH2.bin153,MAS3.bin145,1
YF2.bin105,MAS3.bin154,1
MAS4.bin50,MAS3.bin17,1
WH2.bin7,MAS3.bin17,1
WY3.bin25,MAS3.bin17,1
WY5.bin59,MAS3.bin17,1
TL1-5.bin55,MAS3.bin2,1
YP2.bin58,MAS3.bin2,1
YP2.bin58,MAS3.bin43,1
MAS3.bin45,SKS5.bin20,1
MAS3.bin45,YS4.bin12,1
MAS3.bin71,MAS4.bin78,1
MAS3.bin71,TL1-4.bin17,1
MAS3.bin71,TL2-1.bin25,1
MAS3.bin71,WH2.bin31,1
MAS3.bin71,WH5.bin35,1
MAS3.bin71,YP3.bin100,1
MAS3.bin71,YP4.bin122,1
MAS3.bin71,YS4.bin59,1
YP2.bin58,MAS3.bin85,1
MAS3.bin90,WH2.bin28,1
MAS3.bin90,YP3.bin4,1
MAS3.bin90,YS5.bin43,1
YF2.bin105,MAS4.bin22,1
MAS4.bin36,YP3.bin2,1
MAS4.bin40,WH2.bin34,1
MAS4.bin50,WY1.bin60,1
MAS4.bin50,YP2.bin23,1
MAS4.bin50,YP3.bin2,1
MAS4.bin82,MAS4.bin78,1
WH2.bin146,MAS4.bin78,1
WH2.bin153,MAS4.bin78,1
YP2.bin46,MAS4.bin78,1
WH2.bin7,MAS4.bin8,1
MAS4.bin82,WH2.bin31,1
MAS4.bin82,WY5.bin114,1
MAS4.bin87,WH2.bin34,1
MAS5.bin1,WY5.bin114,1
MAS5.bin1,YP3.bin19,1
MAS5.bin1,YS4.bin7,1
WY3.bin61,SKS1.bin100,1
SKS1.bin109,WH4.bin47,1
SKS1.bin110,WY3.bin19,1
WY2.bin78,SKS1.bin120,1
WY4.bin110,SKS1.bin120,1
SKS1.bin43,SKS1.bin129,1
YF3.bin14,SKS1.bin23,1
SKS1.bin82,SKS1.bin32,1
WY3.bin61,SKS1.bin32,1
SKS1.bin43,SKS3.bin102,1
SKS1.bin82,SKS1.bin45,1
WY3.bin61,SKS1.bin45,1
WY2.bin23,SKS1.bin50,1
YF3.bin14,SKS1.bin6,1
SKS1.bin82,SKS1.bin77,1
SKS1.bin82,SKS3.bin13,1
SKS1.bin82,SKS4.bin12,1
SKS1.bin82,WY4.bin44,1
SKS1.bin82,YP3.bin101,1
SKS1.bin82,YS2.bin6,1
SKS1.bin87,WY2.bin105,1
SKS1.bin87,WY5.bin2,1
WY2.bin78,SKS3.bin24,1
SKS3.bin68,SKS4.bin25,1
SKS3.bin68,WH2.bin133,1
WY1.bin140,SKS3.bin83,1
WY4.bin110,SKS4.bin37,1
WY1.bin140,SKS4.bin8,1
YF3.bin14,SKS5.bin46,1
YP2.bin58,SKS5.bin46,1
YP2.bin58,SKS5.bin98,1
TL1-2.bin12,TL2-2.bin30,1
TL1-2.bin12,TL2-4.bin4,1
TL1-2.bin12,WH2.bin31,1
TL1-2.bin12,YF3.bin41,1
TL1-2.bin12,YS2.bin7,1
TL1-5.bin33,TL1-2.bin13,1
TL2-1.bin30,TL1-2.bin13,1
TL2-5.bin23,TL1-2.bin13,1
WH2.bin75,TL1-2.bin13,1
TL1-5.bin55,TL1-2.bin61,1
TL1-3.bin12,TL2-2.bin30,1
TL1-3.bin12,TL2-4.bin4,1
TL1-3.bin12,WH2.bin113,1
TL1-3.bin12,WH2.bin31,1
TL1-3.bin12,WY5.bin52,1
TL1-3.bin12,YF2.bin89,1
TL1-3.bin12,YF3.bin41,1
TL1-3.bin12,YS2.bin7,1
TL1-3.bin12,YS4.bin24,1
TL1-3.bin47,TL2-2.bin30,1
TL1-3.bin47,WH3.bin2,1
TL1-3.bin47,YF2.bin89,1
YF3.bin14,TL1-3.bin61,1
TL1-5.bin55,TL1-4.bin4,1
TL1-5.bin118,YP1.bin13,1
TL1-5.bin118,YP3.bin19,1
TL1-5.bin121,TL1-5.bin69,1
TL1-5.bin121,WH3.bin2,1
TL1-5.bin121,YP2.bin63,1
YF3.bin14,TL1-5.bin28,1
TL1-5.bin33,TL2-1.bin25,1
TL1-5.bin33,TL2-2.bin30,1
TL1-5.bin33,TL2-4.bin4,1
TL1-5.bin33,WH2.bin31,1
TL1-5.bin33,WH3.bin2,1
TL1-5.bin33,WH5.bin20,1
TL1-5.bin33,YF2.bin89,1
TL1-5.bin33,YF3.bin41,1
TL1-5.bin33,YS2.bin7,1
TL1-5.bin55,WH2.bin139,1
TL1-5.bin55,WH5.bin46,1
TL1-5.bin55,YF2.bin99,1
TL1-5.bin55,YF3.bin21,1
TL1-5.bin55,YP1.bin13,1
WH2.bin75,TL1-5.bin74,1
WY1.bin137,TL1-5.bin79,1
TL2-1.bin30,TL2-2.bin30,1
TL2-1.bin30,WH2.bin31,1
TL2-1.bin30,WY5.bin52,1
TL2-1.bin30,YS2.bin7,1
TL2-1.bin30,YS3.bin24,1
TL2-1.bin30,YS4.bin24,1
TL2-1.bin31,YS5.bin43,1
TL2-2.bin29,TL2-2.bin30,1
TL2-2.bin29,TL2-4.bin4,1
TL2-2.bin29,YF3.bin41,1
TL2-2.bin29,YS2.bin7,1
TL2-2.bin3,TL2-2.bin30,1
TL2-2.bin3,WH3.bin2,1
TL2-2.bin3,YF4.bin8,1
WH3.bin4,TL2-2.bin30,1
WH2.bin75,TL2-4.bin17,1
WH2.bin75,TL2-4.bin4,1
TL2-5.bin23,WH2.bin113,1
TL2-5.bin23,WH2.bin34,1
TL2-5.bin23,WH3.bin2,1
TL2-5.bin23,YP4.bin12,1
WY3.bin177,TL2-5.bin3,1
WH2.bin1,WY5.bin114,1
WH2.bin1,YP3.bin19,1
WH2.bin1,YP4.bin104,1
YP2.bin58,WH2.bin133,1
YP3.bin1,WH2.bin141,1
WH2.bin146,WY5.bin114,1
WH2.bin146,YF2.bin15,1
WH2.bin146,YP1.bin62,1
WH2.bin146,YP3.bin19,1
WH2.bin146,YS4.bin24,1
WH2.bin146,YS4.bin40,1
WH2.bin146,YS5.bin63,1
WH2.bin153,WY5.bin114,1
WH2.bin153,YP3.bin19,1
WH2.bin75,WH2.bin31,1
WH2.bin7,WH2.bin34,1
YF2.bin105,WH2.bin34,1
YP3.bin1,WH2.bin34,1
WY3.bin25,WH2.bin35,1
YP2.bin58,WH2.bin4,1
WH2.bin7,YP3.bin2,1
WH2.bin7,YP3.bin4,1
WH2.bin7,YP4.bin32,1
WH2.bin75,WH3.bin2,1
WH2.bin75,WH5.bin18,1
WH2.bin75,YF3.bin41,1
WH2.bin75,YF4.bin8,1
WH2.bin75,YS4.bin24,1
YP2.bin58,WH2.bin85,1
WH3.bin4,YS2.bin7,1
WY1.bin137,WH5.bin6,1
WY1.bin140,WY1.bin10,1
WY2.bin141,WY1.bin10,1
WY2.bin23,WY1.bin10,1
WY4.bin110,WY1.bin10,1
WY2.bin23,WY1.bin101,1
WY3.bin111,WY1.bin101,1
WY1.bin137,WY2.bin105,1
WY1.bin137,WY3.bin5,1
WY1.bin137,WY4.bin78,1
WY1.bin137,WY5.bin153,1
WY1.bin137,YP4.bin60,1
WY1.bin140,WY2.bin108,1
WY1.bin140,WY3.bin80,1
WY1.bin140,WY4.bin44,1
WY1.bin140,WY5.bin155,1
WY1.bin140,YF1.bin8,1
WY3.bin61,WY1.bin25,1
WY5.bin178,WY1.bin25,1
YP3.bin81,WY1.bin25,1
WY5.bin178,WY1.bin37,1
WY3.bin27,WY2.bin105,1
WY3.bin61,WY2.bin105,1
WY5.bin178,WY2.bin105,1
WY3.bin171,WY2.bin108,1
WY2.bin141,WY3.bin19,1
WY2.bin141,ZJ1.bin62,1
WY2.bin145,WY5.bin23,1
WY2.bin145,WY5.bin58,1
WY2.bin159,ZJ1.bin52,1
WY2.bin23,WY3.bin19,1
WY2.bin23,WY4.bin28,1
WY2.bin23,WY4.bin77,1
WY2.bin23,WY5.bin102,1
WY2.bin23,WY5.bin155,1
WY2.bin23,WY5.bin97,1
WY2.bin23,YS2.bin8,1
WY3.bin27,WY2.bin3,1
WY5.bin178,WY2.bin3,1
WY2.bin33,WY4.bin45,1
WY2.bin33,WY5.bin31,1
WY2.bin78,WY5.bin155,1
YP3.bin81,WY2.bin87,1
WY3.bin106,WY3.bin80,1
WY3.bin111,WY5.bin155,1
WY3.bin111,YF1.bin8,1
WY5.bin178,WY3.bin163,1
WY3.bin171,WY3.bin19,1
WY3.bin171,WY5.bin102,1
WY3.bin171,ZJ1.bin62,1
WY3.bin27,WY3.bin19,1
WY5.bin11,WY3.bin19,1
WY5.bin178,WY3.bin19,1
WY3.bin25,YP3.bin2,1
WY3.bin27,WY5.bin32,1
WY3.bin27,YF1.bin8,1
WY5.bin178,WY3.bin5,1
YP3.bin81,WY3.bin5,1
YP3.bin81,WY3.bin59,1
WY3.bin61,WY5.bin2,1
WY3.bin72,WY4.bin77,1
WY3.bin74,ZJ1.bin62,1
WY4.bin110,ZJ4.bin29,1
WY5.bin178,WY4.bin44,1
WY5.bin178,WY4.bin77,1
WY5.bin178,WY5.bin102,1
YP2.bin24,WY5.bin114,1
YP2.bin46,WY5.bin114,1
YP3.bin1,WY5.bin114,1
YP3.bin45,WY5.bin114,1
WY5.bin133,WY5.bin136,1
WY5.bin133,WY5.bin29,1
WY5.bin178,WY5.bin155,1
WY5.bin178,WY5.bin2,1
WY5.bin178,ZJ2.bin29,1
WY5.bin59,YP3.bin2,1
YF1.bin123,YP3.bin2,1
YF1.bin123,YP4.bin26,1
YF3.bin14,YF1.bin21,1
YF3.bin14,YF3.bin21,1
YP1.bin77,YP1.bin13,1
YP2.bin58,YP1.bin13,1
YP5.bin6,YP1.bin13,1
YP2.bin46,YP1.bin62,1
YP3.bin1,YP1.bin62,1
YP3.bin45,YP1.bin62,1
YP1.bin77,YP3.bin4,1
YP1.bin77,YP4.bin9,1
YP2.bin58,YP2.bin33,1
YP2.bin46,YP3.bin19,1
YP2.bin58,YP2.bin54,1
YP2.bin58,YP4.bin9,1
YP3.bin1,YP3.bin19,1
YP3.bin1,YP3.bin6,1
YP3.bin1,YS5.bin63,1
YP5.bin6,YP3.bin102,1
YP3.bin45,YP3.bin19,1
YP4.bin125,YP3.bin25,1
YP3.bin81,YP3.bin4,1
YP5.bin6,YP3.bin71,1
YP5.bin6,YP4.bin9,1
WY5.bin178,DBS2-4.bin16,1
WY5.bin178,WY5.bin30,1
