Gene_1,bin_1,classify_1,Gene_2,bin_2,classify_2,Gene_1_group,Gene_2_group,Identity,end_match,full_length_match,Direction,MIP,co_occurrence,pearson_correlation,p_value,clade
BP4.bin64_01048,BP4.bin64,Proteobacteria,DBS2-1.bin181_00898,DBS2-1.bin181,Patescibacteria,G,K,73.899,no,no,NA,5,0.258426966,0.368013134,0.000387982,NA
SKS1.bin103_00164,SKS1.bin103,Proteobacteria,DBS2-1.bin181_00898,DBS2-1.bin181,Patescibacteria,G,K,73.585,no,no,NA,5,0.224719101,0.815660691,0,NA
DBS2-4.bin16_02099,DBS2-4.bin16,Bacteroidota,WY5.bin178_00188,WY5.bin178,Patescibacteria,L,K,79.473,no,no,NA,7,0.213483146,0.944011777,0,NA
DBS2-4.bin16_00039,DBS2-4.bin16,Bacteroidota,WY5.bin178_00198,WY5.bin178,Patescibacteria,L,K,83.333,no,no,NA,7,0.213483146,0.944011777,0,NA
DBS2-4.bin16_00054,DBS2-4.bin16,Bacteroidota,WY5.bin178_00186,WY5.bin178,Patescibacteria,L,K,77.472,no,no,NA,7,0.213483146,0.944011777,0,NA
DBS2-4.bin16_00037,DBS2-4.bin16,Bacteroidota,WY5.bin178_00195,WY5.bin178,Patescibacteria,L,K,78.4,no,no,NA,7,0.213483146,0.944011777,0,NA
WH3.bin2_00472,WH3.bin2,Thermoplasmatota,DS3.bin6_01021,DS3.bin6,Micrarchaeota,B,C,99.634,no,yes,NA,5,0.764044944,0.501403042,5.58E-07,NA
WH3.bin2_00471,WH3.bin2,Thermoplasmatota,DS3.bin6_01020,DS3.bin6,Micrarchaeota,B,C,100,no,yes,NA,5,0.764044944,0.501403042,5.58E-07,NA
WH3.bin2_00459,WH3.bin2,Thermoplasmatota,DS3.bin6_00771,DS3.bin6,Micrarchaeota,B,C,72.095,no,no,NA,5,0.764044944,0.501403042,5.58E-07,NA
FK3.bin111_00214,FK3.bin111,Thermoplasmatota,FK1.bin29_00855,FK1.bin29,Micrarchaeota,B,C,93.429,no,no,FK3.bin111-->FK1.bin29,5,0.662921348,0.548804551,2.57E-08,NA
FK3.bin111_01473,FK3.bin111,Thermoplasmatota,FK1.bin29_00805,FK1.bin29,Micrarchaeota,B,C,99.491,no,yes,NA,5,0.662921348,0.548804551,2.57E-08,NA
FK3.bin111_01474,FK3.bin111,Thermoplasmatota,FK1.bin29_00804,FK1.bin29,Micrarchaeota,B,C,100,no,yes,NA,5,0.662921348,0.548804551,2.57E-08,NA
FK3.bin111_00213,FK3.bin111,Thermoplasmatota,FK1.bin29_00854,FK1.bin29,Micrarchaeota,B,C,97.506,no,no,FK1.bin29-->FK3.bin111,5,0.662921348,0.548804551,2.57E-08,NA
FK3.bin111_01475,FK3.bin111,Thermoplasmatota,FK1.bin29_00803,FK1.bin29,Micrarchaeota,B,C,100,no,yes,NA,5,0.662921348,0.548804551,2.57E-08,NA
LSA5.bin34_00051,LSA5.bin34,Nanoarchaeota,SKS5.bin32_02051,SKS5.bin32,Thermoplasmatota,A,B,75.968,no,yes,NA,5,0.584269663,0.31989461,0.002243521,NA
LSA5.bin34_00374,LSA5.bin34,Nanoarchaeota,SKS5.bin32_01898,SKS5.bin32,Thermoplasmatota,A,B,74.514,no,yes,NA,5,0.584269663,0.31989461,0.002243521,NA
LSA5.bin34_00506,LSA5.bin34,Nanoarchaeota,SKS5.bin32_01764,SKS5.bin32,Thermoplasmatota,A,B,81.177,no,yes,NA,5,0.584269663,0.31989461,0.002243521,NA
LSA5.bin34_00375,LSA5.bin34,Nanoarchaeota,SKS5.bin32_01897,SKS5.bin32,Thermoplasmatota,A,B,75.404,no,yes,NA,5,0.584269663,0.31989461,0.002243521,NA
MAS4.bin76_00748,MAS4.bin76,Thermoplasmatota,MAS1.bin17_00803,MAS1.bin17,Micrarchaeota,B,C,99.905,no,yes,NA,5,0.662921348,0.391621927,0.000147592,NA
TL1-5.bin74_00925,TL1-5.bin74,Thermoplasmatota,MAS1.bin17_00803,MAS1.bin17,Micrarchaeota,B,C,99.905,yes,no,NA,7,0.651685393,0.351122557,0.00074151,NA
TL1-5.bin74_00953,TL1-5.bin74,Thermoplasmatota,MAS1.bin17_00327,MAS1.bin17,Micrarchaeota,B,C,98.264,no,no,NA,7,0.651685393,0.351122557,0.00074151,NA
MAS1.bin17_00318,MAS1.bin17,Micrarchaeota,TL1-5.bin74_00948,TL1-5.bin74,Thermoplasmatota,C,B,95.035,no,no,NA,7,0.651685393,0.351122557,0.00074151,NA
YP3.bin19_00261,YP3.bin19,Thermoplasmatota,MAS1.bin17_00321,MAS1.bin17,Micrarchaeota,B,C,72.029,no,no,NA,5,0.640449438,0.400222869,0.000101885,SRM
YP3.bin19_00260,YP3.bin19,Thermoplasmatota,MAS1.bin17_00322,MAS1.bin17,Micrarchaeota,B,C,74.624,no,no,NA,5,0.640449438,0.400222869,0.000101885,SRM
WH2.bin31_01388,WH2.bin31,Thermoplasmatota,WH2.bin75_01014,WH2.bin75,Nanoarchaeota,B,A,75.594,no,no,NA,5,0.640449438,0.776351367,0,NA
WY5.bin30_01086,WY5.bin30,Bacteroidota,WY5.bin178_00220,WY5.bin178,Patescibacteria,L,K,93.049,no,yes,NA,6,0.191011236,0.995243904,0,NA
WY5.bin30_00115,WY5.bin30,Bacteroidota,WY5.bin178_00168,WY5.bin178,Patescibacteria,L,K,92.774,no,yes,NA,6,0.191011236,0.995243904,0,NA
WY5.bin30_01087,WY5.bin30,Bacteroidota,WY5.bin178_00219,WY5.bin178,Patescibacteria,L,K,95.092,no,yes,NA,6,0.191011236,0.995243904,0,NA
WY5.bin30_01712,WY5.bin30,Bacteroidota,WY5.bin178_00222,WY5.bin178,Patescibacteria,L,K,92.548,no,no,NA,6,0.191011236,0.995243904,0,NA
WY5.bin30_00114,WY5.bin30,Bacteroidota,WY5.bin178_00167,WY5.bin178,Patescibacteria,L,K,90.513,no,yes,NA,6,0.191011236,0.995243904,0,NA
WY5.bin30_00116,WY5.bin30,Bacteroidota,WY5.bin178_00169,WY5.bin178,Patescibacteria,L,K,93.386,no,yes,NA,6,0.191011236,0.995243904,0,NA
WY5.bin30_00111,WY5.bin30,Bacteroidota,WY5.bin178_00164,WY5.bin178,Patescibacteria,L,K,85.802,no,yes,NA,6,0.191011236,0.995243904,0,NA
WY5.bin30_00112,WY5.bin30,Bacteroidota,WY5.bin178_00165,WY5.bin178,Patescibacteria,L,K,85.829,no,yes,NA,6,0.191011236,0.995243904,0,NA
YP2.bin58_00420,YP2.bin58,Micrarchaeota,YP4.bin26_00968,YP4.bin26,Thermoplasmatota,C,B,70.682,no,no,NA,5,0.483146067,0.288034616,0.006197123,NA
