ID,clade
ZJ5_virus4,Virus
BP8_virus30,Virus
BP6_virus114,Virus
BP9_virus89,Virus
FK3_virus12,Virus
TL2-4_virus28,Virus
DS3_virus38,Virus
DX2_virus12,Virus
FK2_virus34,Virus
FK5_provirus56,Virus
HSP1_virus42,Virus
HSP2_virus7,Virus
JA1_virus20,Virus
LL3_virus150,Virus
LL4_virus128,Virus
LL4_virus183,Virus
LSA4_virus42,Virus
LSA3_virus31,Virus
MAS1_virus57,Virus
MAS2_virus44,Virus
MAS3_virus18,Virus
TL2-4_virus39,Virus
MAS3_virus38,Virus
MAS3_virus47,Virus
MAS3_virus56,Virus
YP3_provirus18,Virus
SKS1_virus47,Virus
TL2-5_virus36,Virus
TL1-2_provirus34,Virus
TL2-1_provirus1,Virus
TL2-1_virus29,Virus
TL2-1_provirus37,Virus
TL2-5_virus4,Virus
WH3_virus32,Virus
WH2_virus32,Virus
WH2_virus72,Virus
WH3_virus19,Virus
WY1_virus211,Virus
WY1_virus438,Virus
WY4_provirus33,Virus
YP4_virus34,Virus
YP4_provirus51,Virus
YS2_virus42,Virus
DBS1-2_virus54,Virus
DBS2-5_virus61,Virus
DX1_virus177,Virus
FK4_virus47,Virus
LL3_virus3,Virus
LSA1_provirus2,Virus
LSA4_virus34,Virus
LSA5_provirus21,Virus
MAS5_virus12,Virus
TL1-2_virus57,Virus
TL2-1_virus12,Virus
WH5_virus38,Virus
WH3_virus27,Virus
WH1_virus4,Virus
TL2-3_virus3,Virus
TL2-4_virus20,Virus
TL2-4_virus4,Virus
WH1_virus18,Virus
WH2_provirus36,Virus
WH3_virus12,Virus
YP2_virus24,Virus
ZJ3_virus136,Virus
DBS1-1_virus12,Virus
LSA5_virus71,Virus
DS3_virus70,Virus
HSP1_virus11,Virus
LSA4_virus63,Virus
MAS3_virus40,Virus
MAS5_provirus3,Virus
TL1-5_virus16,Virus
WY1_virus55,Virus
WY1_provirus32,Virus
WY3_virus389,Virus
WY5_virus500,Virus
WY3_virus258,Virus
WY2_virus489,Virus
WY3_virus201,Virus
WY5_virus240,Virus
WY5_virus245,Virus
WY5_virus290,Virus
WY4_virus177,Virus
WY5_virus333,Virus
WY4_virus254,Virus
WY4_virus331,Virus
WY1_virus228,Virus
WY5_virus399,Virus
WY5_virus446,Virus
YP2_virus21,Virus
WY1_virus11,Virus
WY2_virus414,Virus
WY3_virus428,Virus
WY3_virus422,Virus
WY5_virus388,Virus
DBS2-4_virus137,Virus
DBS1-2_virus64,Virus
DBS1-3_virus102,Virus
WY3_virus73,Virus
BP4_virus117,Virus
BP4_virus78,Virus
WY4_virus98,Virus
BP9_virus257,Virus
BP5_virus174,Virus
BP8_virus67,Virus
BP5_virus187,Virus
BP5_provirus13,Virus
BP8_virus139,Virus
BP8_virus150,Virus
BP5_virus14,Virus
BP6_virus12,Virus
BP8_provirus52,Virus
BP8_virus107,Virus
BP8_virus151,Virus
DS4_virus38,Virus
FK3_virus34,Virus
BP4_provirus7,Virus
BP7_provirus73,Virus
LL3_virus130,Virus
BP7_provirus21,Virus
BP9_virus258,Virus
BP6_virus190,Virus
BP7_provirus16,Virus
BP6_virus98,Virus
BP5_provirus112,Virus
BP9_provirus103,Virus
BP9_virus35,Virus
WY1_virus410,Virus
WY4_virus148,Virus
YF1_virus25,Virus
YF1_virus74,Virus
BP5_virus161,Virus
BP5_virus232,Virus
BP7_virus140,Virus
BP8_provirus86,Virus
WH2_virus4,Virus
BP9_provirus10,Virus
DBS1-1_virus62,Virus
DBS2-1_virus182,Virus
MAS4_virus41,Virus
BP5_virus225,Virus
DBS1-3_virus56,Virus
DS3_virus16,Virus
DS4_virus90,Virus
SKS1_virus169,Virus
DBS2-1_virus147,Virus
WY2_virus266,Virus
DBS2-1_provirus64,Virus
WY3_virus38,Virus
WY3_virus510,Virus
DBS2-4_provirus21,Virus
FK3_virus103,Virus
SKS1_provirus35,Virus
SKS1_virus31,Virus
WY2_virus409,Virus
DBS2-1_virus94,Virus
YP3_virus70,Virus
TL1-5_provirus9,Virus
WH4_virus21,Virus
YP1_provirus13,Virus
MAS1_virus47,Virus
MAS4_virus68,Virus
FK3_provirus20,Virus
FK3_virus137,Virus
DBS2-4_virus193,Virus
WY5_virus499,Virus
WY2_provirus19,Virus
WY1_virus92,Virus
WY3_virus25,Virus
WY1_virus129,Virus
WY5_virus358,Virus
DBS2-4_provirus20,Virus
DBS2-4_virus138,Virus
DX2_virus8,Virus
MAS4_virus27,Virus
SKS1_virus23,Virus
SKS1_provirus37,Virus
SKS5_provirus34,Virus
LSA4_virus27,Virus
LSA5_virus49,Virus
TL1-2_virus24,Virus
WH4_provirus8,Virus
DS3_provirus40,Virus
FK3_virus2,Virus
FK3_virus40,Virus
MAS3_virus2,Virus
TL2-3_virus34,Virus
WH2_virus8,Virus
TL1-1_virus9,Virus
YP3_virus77,Virus
YS4_virus7,Virus
MAS4_virus73,Virus
MAS5_provirus1,Virus
MAS4_provirus4,Virus
MAS1_virus66,Virus
DBS2-4_provirus1,Virus
DBS2-4_provirus2,Virus
FK3_virus131,Virus
FK3_virus153,Virus
FK5_virus32,Virus
FK5_virus41,Virus
SKS1_provirus24,Virus
SKS1_provirus38,Virus
WH4_virus108,Virus
WH4_virus8,Virus
WH4_virus83,Virus
WH4_virus91,Virus
WY1_virus25,Virus
WY5_virus113,Virus
WY5_virus45,Virus
YF3_virus8,Virus
WY1_virus281,Virus
DBS2-4_provirus37,Virus
SKS1_provirus82,Virus
WY2_virus380,Virus
WY3_virus424,Virus
FK2_provirus32,Virus
LL4_virus162,Virus
WH2_virus31,Virus
YP4_virus23,Virus
WY4_provirus31,Virus
WY4_virus123,Virus
WY5_virus260,Virus
WY5_virus261,Virus
WY5_virus314,Virus
WY5_provirus67,Virus
WY2_provirus49,Virus
WY4_provirus19,Virus
BP4_virus152,Virus
BP5_virus83,Virus
BP7_virus134,Virus
BP7_virus18,Virus
BP9_virus242,Virus
DBS1-2_provirus14,Virus
DBS1-3_provirus69,Virus
DBS1-3_virus87,Virus
DBS1-3_virus89,Virus
DBS2-1_virus62,Virus
DBS2-4_provirus78,Virus
DBS2-4_virus148,Virus
DS3_virus68,Virus
FK3_provirus85,Virus
FK4_virus37,Virus
LL2_virus86,Virus
SKS1_virus159,Virus
SKS1_virus219,Virus
TL2-5_virus25,Virus
WH5_virus31,Virus
WY1_provirus86,Virus
WY1_virus161,Virus
WY1_virus2,Virus
WY1_virus234,Virus
WY1_virus353,Virus
WY1_virus383,Virus
WY1_virus411,Virus
WY1_virus412,Virus
WY1_virus426,Virus
WY1_virus60,Virus
WY1_virus70,Virus
WY1_virus80,Virus
WY2_provirus51,Virus
WY2_virus154,Virus
WY2_virus185,Virus
WY2_virus257,Virus
WY2_virus355,Virus
WY2_virus371,Virus
WY2_virus482,Virus
WY2_virus74,Virus
WY3_virus165,Virus
WY3_virus426,Virus
WY3_virus455,Virus
WY3_virus50,Virus
WY4_virus156,Virus
WY4_virus286,Virus
WY4_virus313,Virus
WY4_virus346,Virus
WY4_virus397,Virus
WY4_virus40,Virus
WY5_provirus19,Virus
WY5_provirus65,Virus
WY5_virus161,Virus
WY5_virus303,Virus
WY5_virus390,Virus
WY5_virus502,Virus
WY5_virus59,Virus
YF1_virus22,Virus
YF1_virus37,Virus
WY2_virus449,Virus
WY5_virus43,Virus
WY3_virus339,Virus
WY5_virus58,Virus
SKS1_virus191,Virus
WY5_virus229,Virus
BP5_virus149,Virus
WY5_virus253,Virus
WY5_virus322,Virus
WY2_virus347,Virus
WY3_virus382,Virus
WY5_virus435,Virus
WY5_virus235,Virus
WY3_provirus84,Virus
WY5_virus263,Virus
FK3_virus175,Virus
WY1_virus270,Virus
WY1_virus84,Virus
WY2_virus189,Virus
WY2_virus298,Virus
WY2_virus369,Virus
WY2_virus42,Virus
WY2_virus460,Virus
WY3_provirus53,Virus
WY3_virus106,Virus
WY3_virus141,Virus
WY3_virus246,Virus
WY3_virus316,Virus
WY4_provirus37,Virus
WY4_virus137,Virus
WY4_virus294,Virus
WY5_provirus13,Virus
WY5_virus200,Virus
WY5_virus272,Virus
WY5_virus380,Virus
WY2_virus2,Virus
WY5_virus180,Virus
LSA5_virus69,Virus
WY1_virus176,Virus
FK3_virus50,Virus
WY5_virus225,Virus
MAS4_virus85,Virus
TL2-3_virus42,Virus
WY5.bin109,DPANN
DS4.bin2,DPANN
TL1-5.bin55,DPANN
TL1-5.bin118,DPANN
MAS3.bin90,DPANN
YP4.bin125,DPANN
FK1.bin29,DPANN
LSA4.bin62,DPANN
MAS3.bin1,DPANN
LSA5.bin25,DPANN
YP3.bin1,DPANN
LSA4.bin68,DPANN
WH2.bin146,DPANN
YP2.bin46,DPANN
YP2.bin58,DPANN
MAS3.bin71,DPANN
MAS1.bin17,DPANN
MAS5.bin1,DPANN
YP3.bin45,DPANN
DBS1-1.bin81,DPANN
DS3.bin6,DPANN
DBS2-4.bin38,DPANN
FK3.bin165,DPANN
MAS4.bin50,DPANN
WY3.bin25,DPANN
WY5.bin59,DPANN
SKS5.bin61,DPANN
YP3.bin81,DPANN
JA1.bin9,DPANN
YF3.bin14,DPANN
LSA5.bin34,DPANN
MAS1.bin61,DPANN
TL1-5.bin33,DPANN
TL2-2.bin29,DPANN
TL2-2.bin3,DPANN
TL1-2.bin12,DPANN
TL1-3.bin47,DPANN
YP1.bin77,DPANN
SKS1.bin82,DPANN
FK4.bin88,DPANN
DS4.bin83,DPANN
TL2-1.bin31,DPANN
YP2.bin24,DPANN
WY2.bin23,DPANN
HSP2.bin18,DPANN
TL1-3.bin12,DPANN
TL2-1.bin30,DPANN
WH2.bin75,DPANN
MAS1.bin37,DPANN
HSP1.bin13,DPANN
MAS3.bin136,DPANN
TL2-5.bin23,DPANN
LL2.bin4,DPANN
WH2.bin1,DPANN
WH2.bin153,DPANN
WH3.bin4,DPANN
WY3.bin72,DPANN
YP5.bin6,DPANN
BP6.bin140,CPR
BP5.bin107,CPR
BP4.bin5,CPR
BP6.bin145,CPR
BP7.bin85,CPR
DBS2-4.bin65,CPR
FK3.bin166,CPR
LSA1.bin59,CPR
SKS1.bin110,CPR
WY2.bin141,CPR
WY3.bin171,CPR
WY3.bin74,CPR
WY5.bin137,CPR
WY3.bin61,CPR
WY5.bin125,CPR
BP9.bin141,CPR
BP9.bin24,CPR
BP9.bin135,CPR
MAS1.bin16,CPR
BP8.bin112,CPR
BP5.bin44,CPR
BP8.bin74,CPR
BP5.bin75,CPR
DBS1-2.bin41,CPR
BP6.bin143,CPR
MAS4.bin40,CPR
BP6.bin91,CPR
BP8.bin59,CPR
BP9.bin16,CPR
BP7.bin84,CPR
WY3.bin111,CPR
BP8.bin62,CPR
WY4.bin110,CPR
WY2.bin159,CPR
MAS4.bin87,CPR
BP9.bin93,CPR
DBS1-1.bin14,CPR
DBS1-3.bin45,CPR
DS4.bin61,CPR
DBS1-1.bin116,CPR
MAS2.bin2,CPR
MAS3.bin137,CPR
WY2.bin145,CPR
DBS1-3.bin126,CPR
DBS2-1.bin32,CPR
FK1.bin110,CPR
DBS1-2.bin54,CPR
MAS4.bin36,CPR
YF1.bin123,CPR
LSA2.bin104,CPR
WY1.bin137,CPR
WY3.bin106,CPR
DBS2-1.bin181,CPR
SKS1.bin109,CPR
FK4.bin46,CPR
DBS2-4.bin128,CPR
FK3.bin40,CPR
DBS2-4.bin171,CPR
SKS3.bin68,CPR
MAS4.bin82,CPR
FK3.bin15,CPR
WH2.bin7,CPR
YF2.bin105,CPR
FK3.bin18,CPR
TL1-5.bin121,CPR
WY5.bin178,CPR
WY3.bin27,CPR
MAS3.bin45,CPR
MAS1.bin23,CPR
MAS1.bin66,CPR
WY2.bin78,CPR
SKS1.bin43,CPR
SKS1.bin87,CPR
WY1.bin140,CPR
WY3.bin177,CPR
WY2.bin33,CPR
WY5.bin11,CPR
WY5.bin133,CPR
BP4.bin11,SRM
BP4.bin33,Other
BP4.bin37,Other
BP5.bin5,Other
FK5.bin2,Other
ZJ1.bin22,Other
BP4.bin57,Other
BP4.bin60,Other
BP4.bin67,SRM
BP4.bin68,Other
BP4.bin8,Other
BP4.bin9,Other
BP5.bin101,Other
BP5.bin29,Other
BP6.bin118,Other
DBS1-2.bin11,Other
DBS1-2.bin84,Other
SKS3.bin28,Other
SKS5.bin106,Other
BP5.bin109,Other
BP5.bin27,Other
BP5.bin33,SRM
BP5.bin36,Other
DBS2-5.bin56,Other
DS4.bin38,Other
TL1-3.bin39,SRM
BP5.bin57,Other
WY5.bin150,Other
WY5.bin155,Other
BP5.bin93,Other
BP9.bin124,Other
BP9.bin131,Other
BP9.bin59,Other
BP9.bin80,Other
ZJ7.bin67,Other
LL7.bin56,Other
ZJ7.bin31,Other
LL4.bin51,Other
LL7.bin15,Other
SKS4.bin25,Other
BP6.bin16,Other
BP6.bin18,Other
BP6.bin3,Other
BP6.bin4,Other
BP6.bin59,Other
DBS2-1.bin87,SRM
DS3.bin61,Other
WY3.bin19,Other
WY4.bin78,SRM
WY5.bin29,Other
WY5.bin97,Other
BP7.bin13,Other
BP7.bin36,Other
BP7.bin48,Other
BP7.bin73,Other
BP8.bin42,Other
LL7.bin24,Other
BP9.bin72,Other
FK4.bin2,Other
SKS4.bin8,Other
BP8.bin121,Other
BP8.bin16,Other
BP8.bin29,Other
ZJ1.bin62,Other
ZJ3.bin72,Other
YP3.bin4,Other
BP9.bin73,Other
BP9.bin79,Other
DBS1-1.bin95,Other
DBS1-3.bin100,Other
DBS1-3.bin33,Other
DS4.bin5,Other
LL3.bin32,Other
YP5.bin20,Other
ZJ1.bin42,Other
ZJ1.bin52,Other
ZJ1.bin69,Other
ZJ3.bin14,Other
BP8.bin86,Other
BP9.bin128,Other
BP9.bin133,Other
DS4.bin6,Other
LL7.bin33,Other
BP9.bin86,Other
WH2.bin54,Other
WY5.bin102,Other
ZJ2.bin29,Other
DBS1-1.bin77,Other
DBS1-3.bin14,Other
LL2.bin7,Other
BP9.bin9,Other
LL4.bin66,Other
BP9.bin99,Other
DBS1-1.bin109,Other
DBS1-1.bin87,Other
DBS1-3.bin56,Other
DBS2-1.bin65,Other
DS4.bin84,SRM
JA2.bin13,Other
YF1.bin97,SRM
DBS1-1.bin13,Other
DBS1-1.bin34,Other
DBS1-1.bin55,Other
DBS1-2.bin86,Other
DS3.bin85,Other
DX1.bin53,Other
DX2.bin44,Other
JA4.bin61,Other
MAS3.bin43,Other
YF1.bin109,Other
YF1.bin21,Other
YF2.bin99,Other
YP3.bin44,Other
DBS1-1.bin27,Other
DBS1-1.bin29,Other
DBS1-1.bin49,Other
DBS1-1.bin51,Other
DBS1-1.bin66,Other
DBS1-1.bin68,Other
DBS1-1.bin73,Other
DX1.bin23,Other
LSA5.bin29,Other
WH2.bin34,Other
DBS1-2.bin14,Other
DBS1-3.bin104,Other
DS4.bin36,Other
DX4.bin29,Other
LSA5.bin104,Other
WH4.bin44,Other
WY1.bin20,Other
YF3.bin16,Other
DBS1-2.bin47,Other
FK5.bin124,Other
MAS1.bin22,Other
WH2.bin31,Other
YF3.bin41,Other
DBS1-2.bin79,Other
DBS1-3.bin10,SRM
DBS1-3.bin110,SRM
DBS1-3.bin123,Other
DBS2-1.bin113,Other
LL2.bin60,Other
TL1-5.bin18,Other
TL2-3.bin29,Other
WY5.bin114,Other
YP1.bin63,Other
YP1.bin82,Other
YP4.bin26,Other
DBS1-3.bin13,Other
DBS1-3.bin130,Other
DBS1-3.bin133,Other
DBS1-3.bin15,Other
DBS1-3.bin152,Other
DBS1-3.bin30,Other
DBS2-1.bin100,SRM
DBS2-1.bin15,SRM
DBS2-1.bin44,SRM
DBS2-1.bin64,SRM
YP4.bin60,SRM
DBS1-3.bin51,Other
DBS1-3.bin99,Other
DBS2-1.bin103,SRM
DBS2-1.bin132,Other
DBS2-1.bin16,Other
DBS2-1.bin167,Other
SKS1.bin103,Other
SKS3.bin23,Other
SKS5.bin95,Other
DBS2-4.bin99,Other
YF1.bin9,Other
ZJ1.bin14,Other
ZJ5.bin13,Other
DBS2-1.bin55,Other
DBS2-1.bin85,SRM
DBS2-4.bin1,Other
DBS2-4.bin10,SRM
DBS2-4.bin100,Other
DBS2-4.bin115,Other
DBS2-4.bin122,Other
DX1.bin92,Other
FK3.bin172,SRM
LSA5.bin63,Other
MAS3.bin2,Other
SKS1.bin6,Other
SKS4.bin75,Other
YF3.bin21,Other
YF3.bin39,Other
DBS2-4.bin129,Other
DBS2-4.bin131,Other
DBS2-4.bin136,Other
FK3.bin104,Other
SKS3.bin37,Other
FK5.bin10,Other
FK5.bin43,SRM
MAS3.bin17,Other
MAS4.bin57,SRM
MAS4.bin8,SRM
SKS5.bin63,SRM
WH2.bin35,Other
YP2.bin23,Other
YP3.bin2,SRM
YP4.bin32,SRM
ZJ7.bin27,Other
DBS2-5.bin24,Other
DBS2-5.bin50,Other
DS3.bin17,Other
DS3.bin57,Other
MAS2.bin11,Other
MAS2.bin6,Other
MAS2.bin9,Other
MAS4.bin78,Other
WH3.bin2,Other
WY5.bin52,Other
YF2.bin89,Other
YP3.bin107,Other
YP3.bin19,SRM
DS3.bin62,Other
DS3.bin8,Other
DS3.bin82,Other
DS4.bin12,Other
DS4.bin60,Other
MAS3.bin147,Other
DS4.bin40,Other
SKS1.bin100,SRM
SKS1.bin45,SRM
SKS1.bin77,SRM
WH2.bin114,Other
WY1.bin59,Other
DS4.bin65,Other
DS4.bin77,Other
FK3.bin132,Other
LSA2.bin103,Other
TL2-2.bin30,Other
WY1.bin3,Other
DX1.bin19,Other
DX1.bin56,Other
DX2.bin30,Other
DX2.bin47,Other
DX2.bin50,Other
DX2.bin7,Other
DX4.bin14,Other
DX4.bin24,Other
DX4.bin28,Other
FK1.bin102,Other
FK4.bin103,Other
FK3.bin111,Other
FK4.bin21,Other
WY1.bin4,Other
FK1.bin31,Other
FK1.bin53,SRM
FK1.bin62,Other
FK2.bin18,Other
FK2.bin45,Other
FK3.bin107,Other
YF2.bin76,Other
FK3.bin169,Other
HSP2.bin32,Other
LSA5.bin114,Other
WH2.bin72,Other
FK3.bin88,Other
WH2.bin29,Other
YF4.bin18,Other
FK5.bin4,Other
FK5.bin53,Other
HSP2.bin26,Other
SKS5.bin46,Other
YF4.bin53,Other
HSP2.bin10,Other
TL1-2.bin13,Other
TL2-4.bin4,Other
YS4.bin24,Other
JA1.bin31,Other
JA1.bin36,Other
JA1.bin41,Other
JA1.bin47,Other
JA1.bin55,Other
MAS1.bin12,Other
MAS3.bin85,Other
JA3.bin12,Other
JA4.bin19,Other
LL2.bin74,Other
LL4.bin2,Other
LL4.bin55,Other
LL6.bin22,Other
LL6.bin55,Other
LL6.bin58,Other
LL7.bin30,Other
LSA1.bin55,Other
LSA1.bin57,Other
TL2-1.bin3,Other
LSA5.bin17,Other
SKS5.bin17,Other
LSA2.bin35,Other
LSA2.bin43,Other
YS5.bin43,Other
MAS3.bin145,Other
TL1-5.bin69,Other
WH2.bin133,Other
WH2.bin4,Other
YF2.bin15,SRM
YP1.bin13,Other
YP2.bin54,Other
YP3.bin24,Other
YP4.bin9,Other
YS4.bin40,Other
YS4.bin44,Other
LSA5.bin1,Other
LSA5.bin24,Other
MAS3.bin154,Other
MAS5.bin4,Other
YP1.bin62,Other
YP3.bin126,Other
YS5.bin63,Other
LSA5.bin55,Other
LSA5.bin96,Other
TL1-2.bin28,Other
TL1-5.bin74,Other
TL2-4.bin30,Other
WH5.bin26,Other
LSA5.bin71,Other
LSA5.bin83,Other
MAS3.bin138,Other
MAS3.bin164,Other
MAS4.bin76,Other
MAS4.bin80,SRM
TL1-4.bin17,Other
TL1-4.bin36,SRM
YP4.bin122,SRM
YP4.bin84,Other
SKS5.bin20,Other
YS4.bin12,Other
MAS1.bin43,Other
MAS4.bin66,Other
MAS1.bin51,Other
YF4.bin8,Other
YS2.bin7,Other
MAS3.bin109,SRM
MAS3.bin26,Other
YP4.bin8,Other
YS4.bin59,Other
MAS2.bin51,SRM
ZJ2.bin9,Other
TL1-4.bin55,Other
TL2-1.bin25,Other
MAS3.bin140,Other
WH5.bin35,Other
YP3.bin100,Other
WH2.bin28,Other
MAS4.bin22,Other
WY1.bin60,Other
YS4.bin7,Other
WH4.bin47,Other
SKS1.bin120,Other
SKS1.bin129,Other
SKS1.bin23,Other
SKS1.bin32,Other
SKS3.bin102,Other
SKS1.bin50,Other
SKS3.bin13,Other
SKS4.bin12,Other
WY4.bin44,Other
YP3.bin101,Other
YS2.bin6,Other
WY2.bin105,SRM
WY5.bin2,SRM
SKS3.bin24,Other
SKS3.bin83,Other
SKS4.bin37,Other
SKS5.bin98,Other
TL1-2.bin61,Other
WH2.bin113,Other
TL1-3.bin61,Other
TL1-4.bin4,Other
YP2.bin63,Other
TL1-5.bin28,Other
WH5.bin20,Other
WH2.bin139,Other
WH5.bin46,Other
TL1-5.bin79,Other
YS3.bin24,Other
TL2-4.bin17,Other
YP4.bin12,Other
TL2-5.bin3,Other
YP4.bin104,SRM
WH2.bin141,SRM
WH5.bin18,Other
WH2.bin85,Other
WH5.bin6,Other
WY1.bin10,Other
WY1.bin101,Other
WY3.bin5,SRM
WY5.bin153,SRM
WY2.bin108,Other
WY3.bin80,Other
YF1.bin8,Other
WY1.bin25,SRM
WY1.bin37,SRM
WY5.bin23,Other
WY5.bin58,SRM
WY4.bin28,Other
WY4.bin77,Other
YS2.bin8,Other
WY2.bin3,SRM
WY4.bin45,Other
WY5.bin31,Other
WY2.bin87,SRM
WY3.bin163,SRM
WY5.bin32,SRM
WY3.bin59,SRM
ZJ4.bin29,Other
WY5.bin136,Other
YP2.bin33,Other
YP3.bin6,Other
YP3.bin102,Other
YP3.bin25,Other
YP3.bin71,Other
DBS2-4.bin16,Other
WY5.bin30,Other
